Jogo ID;Home;Gols Home;Gols  Away;Away;odd Home;odd Draw;odd Away;Home Score HT;Away Score HT;Corner Home;Corner Away;Total Corner Match;Ano
1;Cruzeiro;2;1;Mirasol;1.61;3.70;5.75;2;1;2;6;8;2025
1;Criciuma;1;1;Juventude;2.25;3.15;3.30;1;0;0;4;4;2024
2;Internacional;2;1;Bahia;1.86;3.50;4.24;0;0;6;3;9;2024
2;Fortaleza;2;0;Fluminense;2.40;3.10;3.20;2;0;4;5;9;2025
3;Fluminense;2;2;Bragantino;2.00;3.30;3.84;1;0;13;6;19;2024
3;Gremio;2;1;A. Mineiro;2.15;3.25;3.40;2;0;1;11;12;2025
4;São Paulo;1;2;Fortaleza;1.96;3.25;4.00;0;0;11;4;15;2024
4;Juventude;2;0;Vitoria;2.05;3.20;4.00;1;0;3;5;8;2025
5;São Paulo;0;0;Sport;1.55;4.20;5.75;0;0;6;2;8;2025
5;A. Goianiense;1;2;Flamengo;4.55;3.65;1.75;0;1;4;4;8;2024
6;A. Paranaense;4;0;Cuiaba;1.55;3.75;6.40;3;0;7;0;7;2024
6;Flamengo;1;1;Internacional;1.70;3.70;5.00;0;1;4;2;6;2025
7;Vasco;2;1;Santos;2.50;3.20;2.87;0;1;2;3;5;2025
7;Corinthians;0;0;A. Mineiro;2.60;2.99;2.92;0;0;3;3;6;2024
8;Palmeiras;0;0;Botafogo;1.70;3.50;5.50;0;0;2;2;4;2025
8;Vasco;2;1;Gremio;2.28;3.25;3.25;2;0;3;5;8;2024
9;Bahia;1;1;Corinthians;2.00;3.50;3.60;1;0;3;5;8;2025
9;Cruzeiro;3;2;Botafogo;2.25;3.10;3.30;1;1;6;3;9;2024
10;Bragantino;2;2;Ceara;2.10;3.20;3.60;0;2;9;2;11;2025
10;Vitoria;0;1;Palmeiras;4.33;3.68;1.80;0;1;3;9;12;2024
11;A. Mineiro;0;0;São Paulo;1.95;3.30;4.20;0;0;11;4;15;2025
11;Bahia;2;1;Fluminense;2.40;3.20;3.10;1;1;4;3;7;2024
12;Botafogo;2;0;Juventude;1.50;4.33;6.25;1;0;3;3;6;2025
12;Bragantino;2;1;Vasco;1.83;3.50;4.50;1;0;4;6;10;2024
13;Gremio;2;0;A. Paranaense;2.30;3.30;3.20;1;0;9;2;11;2024
13;Ceara;2;0;Gremio;2.45;3.20;3.00;1;0;3;10;13;2025
14;A. Mineiro;1;1;Criciuma;1.40;4.75;8.50;1;0;9;2;11;2024
14;Santos;2;2;Bahia;2.05;3.20;3.90;0;1;9;3;12;2025
15;Corinthians;3;0;Vasco;1.65;3.90;5.25;2;0;1;4;5;2025
15;Fortaleza;1;1;Cruzeiro;1.90;3.30;4.50;1;0;7;5;12;2024
16;Fluminense;2;1;Bragantino;1.80;3.50;4.75;1;0;6;6;12;2025
16;Juventude;2;0;Corinthians;3.00;3.20;2.50;2;0;6;7;13;2024
17;Palmeiras;0;1;Internacional;1.61;3.75;6.00;0;1;6;2;8;2024
17;Internacional;3;0;Cruzeiro;1.75;3.40;5.25;2;0;9;2;11;2025
18;Flamengo;2;1;São Paulo;1.60;3.75;6.50;1;0;9;1;10;2024
18;Mirasol;1;1;Fortaleza;2.80;3.20;2.62;0;1;8;1;9;2025
19;Botafogo;1;0;A. Goianiense;1.70;3.50;5.25;1;0;8;8;16;2024
19;Sport;1;2;Palmeiras;4.50;3.60;1.80;1;1;6;3;9;2025
20;Cuiaba;0;0;Vitoria;2.10;3.20;3.80;0;0;4;3;7;2024
20;Vitoria;1;2;Flamengo;4.50;3.40;1.83;0;0;2;6;8;2025
21;A. Mineiro;2;2;Vitoria;1.57;3.60;6.50;0;0;16;3;19;2025
21;Criciuma;1;1;Fortaleza;2.50;3.40;2.85;1;0;4;5;9;2024
22;Bahia;1;1;Mirasol;1.57;3.60;6.25;1;1;10;2;12;2025
22;Bragantino;1;0;Corinthians;2.20;3.29;3.30;1;0;3;4;7;2024
23;Fluminense;2;1;Vasco;1.85;3.50;4.24;1;0;2;7;9;2024
23;Fluminense;1;0;Santos;2.10;3.10;3.80;0;0;3;3;6;2025
24;Gremio;1;0;Cuiaba;1.72;3.54;5.50;1;0;3;4;7;2024
24;Bragantino;1;0;Botafogo;2.70;3.20;2.62;1;0;3;8;11;2025
25;A. Mineiro;3;0;Cruzeiro;1.95;3.34;4.00;3;0;4;4;8;2024
25;Fortaleza;0;0;Internacional;2.80;3.20;2.55;0;0;5;5;10;2025
26;A. Paranaense;1;0;Internacional;2.00;3.35;3.90;0;0;5;3;8;2024
26;Gremio;0;2;Flamengo;3.30;3.10;2.25;0;1;3;4;7;2025
27;Palmeiras;0;0;Flamengo;2.25;3.14;3.30;0;0;6;5;11;2024
27;Juventude;2;1;Ceara;2.30;3.20;3.10;1;1;4;3;7;2025
28;Palmeiras;2;0;Corinthians;1.90;3.50;4.00;2;0;1;3;4;2025
28;Vitoria;2;2;Bahia;2.82;3.25;2.54;1;0;2;7;9;2024
29;São Paulo;1;1;Cruzeiro;2.05;3.00;4.10;0;0;4;6;10;2025
29;A. Goianiense;0;3;São Paulo;2.67;3.10;2.80;0;1;9;1;10;2024
30;Botafogo;5;1;Juventude;1.72;3.60;5.00;2;0;5;4;9;2024
30;Vasco;3;1;Sport;1.90;3.40;4.20;2;0;1;10;11;2025
31;Vasco;0;4;Criciuma;1.66;3.75;5.00;0;1;5;4;9;2024
31;Ceara;2;1;Vasco;2.15;3.30;3.50;1;0;1;2;3;2025
32;Corinthians;0;2;Fluminense;1.90;3.50;4.00;0;0;7;4;11;2025
32;Cuiaba;0;3;A. Mineiro;3.75;3.25;2.05;0;1;3;7;10;2024
33;Bahia;1;0;Gremio;2.05;3.25;3.80;1;0;4;0;4;2024
33;Cruzeiro;3;0;Bahia;2.25;3.25;3.20;1;0;4;5;9;2025
34;Flamengo;6;0;Juventude;1.30;5.00;11.00;3;0;6;0;6;2025
34;Flamengo;0;2;Botafogo;1.72;3.75;4.50;0;0;8;3;11;2024
35;Botafogo;2;2;São Paulo;1.90;3.50;4.20;1;2;9;4;13;2025
35;Corinthians;3;0;Fluminense;2.30;3.10;3.30;2;0;6;8;14;2024
36;Cruzeiro;3;1;Vitoria;1.57;3.80;6.00;0;0;10;4;14;2024
36;Internacional;0;1;Palmeiras;2.50;3.25;2.90;0;0;1;6;7;2025
37;Fortaleza;1;1;Bragantino;1.95;3.25;4.20;1;1;12;6;18;2024
37;Mirasol;4;1;Gremio;2.45;3.00;3.20;2;0;2;7;9;2025
38;Santos;2;0;A. Mineiro;2.35;3.40;3.00;1;0;3;6;9;2025
38;Juventude;1;1;A. Paranaense;3.00;3.00;2.50;1;0;4;6;10;2024
39;Internacional;1;1;A. Goianiense;1.40;4.33;7.50;0;0;13;0;13;2024
39;Sport;0;1;Bragantino;2.20;3.25;3.40;0;1;9;3;12;2025
40;Vitoria;2;1;Fortaleza;2.40;3.20;3.10;1;0;5;5;10;2025
40;São Paulo;0;0;Palmeiras;2.87;3.00;2.60;0;0;6;4;10;2024
41;Corinthians;0;0;Fortaleza;2.00;3.20;3.80;0;0;9;5;14;2024
41;A. Mineiro;1;0;Botafogo;2.20;3.25;3.80;0;0;8;4;12;2025
42;Fluminense;2;2;A. Mineiro;1.90;3.40;3.90;1;0;4;10;14;2024
42;Juventude;2;2;Mirasol;2.10;3.10;3.70;2;1;5;3;8;2025
43;Gremio;1;1;Internacional;3.00;3.10;2.50;1;0;3;7;10;2025
43;Bragantino;1;1;Flamengo;3.00;3.25;2.30;1;0;8;4;12;2024
44;Bahia;1;0;Ceara;2.00;3.10;4.10;0;0;3;4;7;2025
44;Cruzeiro;0;0;Internacional;2.10;3.25;3.50;0;0;10;3;13;2024
45;A. Paranaense;1;0;Vasco;1.80;3.60;4.20;1;0;6;5;11;2024
45;Bragantino;1;0;Cruzeiro;2.40;3.25;3.00;1;0;4;9;13;2025
46;Corinthians;2;1;Sport;1.53;3.80;7.00;0;1;5;4;9;2025
46;Gremio;1;2;Criciuma;1.68;3.78;5.00;0;1;6;3;9;2024
47;São Paulo;2;1;Santos;2.05;3.25;3.80;2;1;5;5;10;2025
47;Vitoria;1;3;São Paulo;3.25;3.20;2.25;0;1;3;8;11;2024
48;Fluminense;1;1;Vitoria;1.55;3.60;7.00;1;0;6;4;10;2025
48;Botafogo;1;2;Bahia;1.80;3.50;4.33;0;1;5;1;6;2024
49;Cuiaba;0;2;Palmeiras;4.00;3.40;1.90;0;1;6;6;12;2024
49;Vasco;0;0;Flamengo;5.75;3.80;1.60;0;0;2;11;13;2025
50;Juventude;1;0;A. Goianiense;2.00;3.30;3.90;1;0;4;7;11;2024
50;Fortaleza;1;2;Palmeiras;3.25;3.10;2.30;0;1;8;2;10;2025
51;Palmeiras;0;1;Bahia;1.65;4.00;5.00;0;0;6;5;11;2025
51;Criciuma;2;5;Cuiaba;2.05;3.25;3.30;0;3;6;2;8;2024
52;Flamengo;2;0;Corinthians;1.57;4.00;5.50;1;0;13;6;19;2024
52;Mirasol;2;2;A. Mineiro;2.80;3.30;2.45;1;0;4;2;6;2025
53;Flamengo;4;0;Corinthians;1.57;3.60;6.50;3;0;10;3;13;2025
53;A. Mineiro;2;1;Gremio;1.75;3.60;4.50;2;1;4;10;14;2024
54;Gremio;1;2;Bragantino;1.70;3.30;5.75;0;0;6;10;16;2025
54;Vasco;2;1;Vitoria;1.75;3.50;4.60;0;0;4;4;8;2024
55;Botafogo;2;0;Fluminense;2.20;3.40;3.20;1;0;6;3;9;2025
55;A. Goianiense;0;1;Cruzeiro;2.80;3.20;2.50;0;0;5;5;10;2024
56;Cruzeiro;1;0;Vasco;1.75;3.75;4.50;0;0;4;8;12;2025
56;Fortaleza;1;1;Botafogo;2.10;3.25;3.60;1;1;6;5;11;2024
57;Palmeiras;0;2;A. Paranaense;1.66;3.75;5.00;0;1;2;3;5;2024
57;Vitoria;1;1;Gremio;2.45;3.30;2.80;0;1;6;2;8;2025
58;Bahia;1;0;Bragantino;2.10;3.25;3.50;1;0;5;5;10;2024
58;Ceara;1;1;São Paulo;2.40;3.20;3.00;1;1;3;2;5;2025
59;São Paulo;2;1;Fluminense;2.05;3.25;3.75;1;1;7;4;11;2024
59;Sport;0;0;Fortaleza;2.40;3.40;2.80;0;0;6;6;12;2025
60;Internacional;3;1;Juventude;1.40;4.33;9.00;2;1;9;2;11;2025
60;Internacional;2;1;Juventude;1.53;3.80;6.50;0;1;8;1;9;2024
61;São Paulo;0;0;Fortaleza;1.90;3.30;4.20;0;0;5;13;18;2025
61;Corinthians;0;1;Botafogo;2.05;3.20;3.75;0;0;2;5;7;2024
62;Ceara;1;0;Vitoria;1.80;3.40;4.50;0;0;3;3;6;2025
62;São Paulo;2;0;Cruzeiro;1.80;3.50;4.33;1;0;4;2;6;2024
63;Vitoria;0;2;A. Goianiense;1.90;3.25;4.20;0;1;3;4;7;2024
63;Corinthians;4;2;Internacional;2.20;3.25;3.40;1;2;3;7;10;2025
64;Fluminense;2;1;Sport;1.72;3.75;4.50;0;1;10;6;16;2025
64;Vasco;1;6;Flamengo;4.00;3.70;1.80;1;3;1;8;9;2024
65;Fortaleza;1;0;A. Paranaense;2.20;3.20;3.40;1;0;2;4;6;2024
65;Bahia;1;0;Botafogo;2.25;3.30;3.10;0;0;3;3;6;2025
66;Gremio;1;0;Santos;2.40;3.25;2.87;0;0;3;6;9;2025
66;Criciuma;1;2;Palmeiras;4.75;3.60;1.72;0;0;4;6;10;2024
67;A. Mineiro;1;1;Bahia;1.72;3.75;4.50;0;0;5;4;9;2024
67;Vasco;0;1;Palmeiras;4.50;3.20;1.90;0;0;7;11;18;2025
68;Fluminense;1;1;Juventude;1.53;4.33;5.75;1;0;5;3;8;2024
68;Cruzeiro;2;1;Flamengo;4.10;3.40;1.90;1;1;6;5;11;2025
69;Bragantino;1;0;Mirasol;2.15;3.40;3.25;0;0;4;4;8;2025
69;Cuiaba;0;1;Internacional;3.20;3.10;2.35;0;0;0;2;2;2024
70;Gremio;0;2;Bragantino;2.75;3.20;2.70;0;1;6;0;6;2024
70;Juventude;0;1;A. Mineiro;3.25;3.25;2.20;0;1;3;5;8;2025
71;Fortaleza;5;0;Juventude;1.57;3.75;6.00;1;0;5;4;9;2025
71;Botafogo;1;0;Fluminense;2.25;3.25;3.10;0;0;14;2;16;2024
72;Flamengo;2;1;Gremio;1.57;4.00;5.50;1;0;4;6;10;2024
72;Gremio;1;1;Bragantino;2.40;3.25;3.00;0;0;6;4;10;2025
73;A. Goianiense;2;2;Corinthians;2.75;3.20;2.55;0;1;3;4;7;2024
73;Mirasol;3;1;Corinthians;2.87;3.10;2.60;0;1;4;5;9;2025
74;Vitoria;2;1;Vasco;2.10;3.25;3.70;0;1;6;3;9;2025
74;Bragantino;1;2;A. Mineiro;2.80;3.20;2.50;1;2;8;5;13;2024
75;Flamengo;1;0;Bahia;1.66;3.60;5.25;1;0;8;2;10;2025
75;Internacional;0;0;São Paulo;2.25;3.25;3.10;0;0;5;3;8;2024
76;Juventude;1;1;Vitoria;1.90;3.20;4.20;1;1;5;4;9;2024
76;Sport;0;4;Cruzeiro;2.40;3.20;3.00;0;3;7;4;11;2025
77;Bahia;1;0;Fortaleza;1.72;3.75;4.50;0;0;5;9;14;2024
77;A. Mineiro;3;2;Fluminense;1.95;3.40;4.00;0;0;10;0;10;2025
78;Palmeiras;2;0;Vasco;1.48;4.00;7.00;1;0;10;6;16;2024
78;Palmeiras;1;0;São Paulo;1.66;3.75;5.00;0;0;10;1;11;2025
79;A. Paranaense;3;1;Criciuma;1.48;4.10;6.50;1;1;5;3;8;2024
79;Botafogo;4;0;Internacional;2.20;3.25;3.30;2;0;2;7;9;2025
80;Cruzeiro;2;1;Cuiaba;1.60;3.60;6.00;1;0;6;4;10;2024
80;Santos;0;0;Ceara;1.83;3.30;4.50;0;0;9;6;15;2025
81;Bragantino;2;1;Juventude;1.60;3.90;5.75;1;1;1;1;2;2024
81;Ceara;2;0;Sport;1.90;3.25;4.20;1;0;5;8;13;2025
82;Vasco;3;0;Fortaleza;2.30;3.25;3.00;1;0;4;7;11;2025
82;Vitoria;2;1;Internacional;3.30;3.00;2.37;1;0;4;2;6;2024
83;São Paulo;2;1;Gremio;1.80;3.50;4.75;0;1;8;3;11;2025
83;Fluminense;1;2;A. Goianiense;1.95;3.70;3.75;1;0;3;3;6;2024
84;Bahia;2;1;Vitoria;1.66;3.50;5.25;1;0;1;10;11;2025
84;Gremio;1;2;Botafogo;3.20;3.20;2.30;1;1;7;4;11;2024
85;Corinthians;1;0;Santos;1.83;3.30;4.75;0;0;5;3;8;2025
85;Criciuma;2;2;Bahia;3.10;3.20;2.37;1;0;6;5;11;2024
86;A. Paranaense;1;1;Flamengo;2.45;3.20;3.00;0;0;5;9;14;2024
86;Juventude;1;1;Fluminense;3.10;3.25;2.30;0;0;5;5;10;2025
87;Flamengo;0;0;Botafogo;1.60;3.75;5.75;0;0;7;3;10;2025
87;Corinthians;2;2;São Paulo;2.80;3.10;2.70;2;2;9;5;14;2024
88;A. Mineiro;0;4;Palmeiras;2.70;3.25;2.70;0;1;3;6;9;2024
88;Bragantino;1;2;Palmeiras;3.20;3.20;2.25;1;0;8;12;20;2025
89;Cruzeiro;0;0;A. Mineiro;2.45;3.20;2.90;0;0;15;1;16;2025
89;Cuiaba;5;0;Fortaleza;3.00;2.87;2.62;4;0;5;1;6;2024
90;Internacional;1;1;Mirasol;1.53;4.00;6.00;0;1;6;2;8;2025
90;Vasco;0;0;Cruzeiro;2.45;3.30;2.90;0;0;5;5;10;2024
91;Botafogo;3;2;Ceara;1.63;3.78;5.60;1;0;6;0;6;2025
91;A. Goianiense;1;2;Criciuma;1.87;3.40;4.20;1;0;5;1;6;2024
92;Fluminense;2;1;Vasco;1.80;3.50;4.50;1;1;6;2;8;2025
92;Botafogo;1;1;A. Paranaense;2.00;3.40;3.75;0;0;5;9;14;2024
93;São Paulo;0;2;Mirasol;1.60;3.90;5.25;0;0;5;4;9;2025
93;Cruzeiro;2;0;Fluminense;1.91;3.40;4.00;1;0;4;4;8;2024
94;Flamengo;2;1;Bahia;1.63;3.94;5.30;1;1;6;2;8;2024
94;A. Mineiro;0;0;Corinthians;1.80;3.40;4.75;0;0;1;1;2;2025
95;Fortaleza;1;0;Gremio;1.95;3.40;4.00;1;0;8;3;11;2024
95;Gremio;1;0;Bahia;2.40;3.20;3.00;0;0;4;17;21;2025
96;Internacional;1;0;Corinthians;2.20;3.10;3.50;1;0;3;7;10;2024
96;Palmeiras;0;2;Flamengo;2.30;3.30;3.10;0;0;3;3;6;2025
97;Juventude;2;0;Vasco;2.25;3.15;3.40;0;0;5;4;9;2024
97;Sport;1;1;Internacional;2.60;3.20;2.70;1;0;6;4;10;2025
98;Palmeiras;2;1;Bragantino;1.62;3.90;5.50;1;0;10;3;13;2024
98;Vitoria;0;1;Santos;2.40;3.20;2.87;0;1;5;5;10;2025
99;São Paulo;0;1;Cuiaba;1.46;4.11;8.01;0;0;4;6;10;2024
99;Fortaleza;0;2;Cruzeiro;2.20;3.20;3.25;0;2;6;8;14;2025
100;Bragantino;1;0;Juventude;1.53;4.00;5.75;1;0;6;2;8;2025
100;Vitoria;4;2;A. Mineiro;3.80;3.25;2.05;2;1;2;4;6;2024
101;Bahia;2;1;São Paulo;1.90;3.20;4.75;0;0;5;3;8;2025
101;Criciuma;2;1;Botafogo;3.40;3.30;2.20;1;0;1;2;3;2024
102;Gremio;0;1;Internacional;2.84;3.00;2.65;0;0;4;1;5;2024
102;Cruzeiro;2;1;Palmeiras;3.25;3.25;2.20;2;0;5;13;18;2025
103;Cuiaba;0;0;A. Goianiense;2.18;3.10;3.62;0;0;3;3;6;2024
103;Vasco;0;2;Bragantino;2.50;3.10;3.00;0;2;7;3;10;2025
104;Mirasol;1;0;Sport;1.95;3.40;4.10;1;0;2;7;9;2025
104;Vasco;4;1;São Paulo;3.40;3.20;2.25;2;1;2;8;10;2024
105;A. Paranaense;1;1;Corinthians;1.73;3.60;5.00;1;0;11;2;13;2024
105;Juventude;0;2;Gremio;2.87;3.25;2.40;0;2;5;7;12;2025
106;Bahia;4;1;Cruzeiro;1.91;3.40;4.20;1;1;3;1;4;2024
106;Santos;0;1;Botafogo;2.15;3.25;3.40;0;0;5;4;9;2025
107;Ceara;0;1;A. Mineiro;2.15;3.25;3.40;0;0;8;8;16;2025
107;Fluminense;0;1;Flamengo;4.33;3.75;1.83;0;0;2;6;8;2024
108;Corinthians;0;0;Vitoria;1.57;3.60;6.50;0;0;8;3;11;2025
108;A. Mineiro;1;1;Fortaleza;1.70;3.75;5.00;0;1;3;4;7;2024
109;Palmeiras;3;1;Juventude;1.33;5.00;9.50;0;0;10;4;14;2024
109;Flamengo;5;0;Fortaleza;1.53;3.70;7.00;1;0;2;4;6;2025
110;Bragantino;2;1;Vitoria;1.57;4.00;5.60;1;1;6;3;9;2024
110;Internacional;0;2;Fluminense;1.66;3.60;5.00;0;1;9;1;10;2025
111;Palmeiras;4;1;Juventude;1.20;6.35;15.00;1;1;8;3;11;2025
111;Botafogo;2;1;Bragantino;1.95;3.40;4.00;1;1;7;4;11;2024
112;Cruzeiro;2;0;A. Paranaense;2.15;3.10;3.60;1;0;7;12;19;2024
112;Sport;1;5;Flamengo;7.90;4.60;1.40;1;1;4;15;19;2025
113;Botafogo;3;3;Mirasol;1.70;3.75;5.00;3;0;6;5;11;2025
113;A. Goianiense;1;1;Gremio;2.25;3.10;3.40;0;0;5;8;13;2024
114;Fluminense;1;0;Ceara;1.68;3.45;5.60;1;0;9;3;12;2025
114;Corinthians;1;1;Cuiaba;2.10;3.20;4.00;0;1;13;1;14;2024
115;Bragantino;0;3;Bahia;2.25;3.10;3.46;0;2;4;1;5;2025
115;Juventude;2;1;Flamengo;4.50;3.20;1.90;1;1;7;8;15;2024
116;Bahia;2;1;Vasco;1.60;3.90;5.50;1;1;7;0;7;2024
116;Vitoria;0;0;Cruzeiro;3.46;3.05;2.26;0;0;6;2;8;2025
117;Fortaleza;2;3;Santos;2.09;3.10;3.75;0;2;15;0;15;2025
117;Fortaleza;3;0;Palmeiras;3.25;3.10;2.37;1;0;3;8;11;2024
118;Internacional;1;2;A. Mineiro;2.25;3.00;3.60;0;0;5;9;14;2024
118;Gremio;1;1;Corinthians;2.40;3.05;3.00;1;1;4;6;10;2025
119;Fluminense;0;1;Vitoria;1.65;3.70;5.75;0;0;6;2;8;2024
119;A. Mineiro;2;0;Internacional;1.92;3.30;4.00;1;0;6;5;11;2025
120;São Paulo;2;1;Criciuma;1.48;4.20;7.00;2;0;2;2;4;2024
120;São Paulo;1;3;Vasco;1.90;3.30;4.30;0;2;2;2;4;2025
121;Bahia;2;1;A. Mineiro;2.30;3.00;3.50;0;0;4;7;11;2025
121;Cuiaba;1;1;Bragantino;2.62;3.10;2.75;1;1;3;11;14;2024
122;Corinthians;1;2;Bragantino;2.10;3.20;3.80;0;1;10;2;12;2025
122;Vasco;1;1;Botafogo;2.87;3.20;2.50;0;0;0;5;5;2024
123;A. Mineiro;1;1;A. Goianiense;1.33;5.00;9.00;1;1;5;8;13;2024
123;Cruzeiro;4;1;Gremio;1.66;3.50;5.75;2;0;6;3;9;2025
124;Flamengo;2;0;São Paulo;1.45;4.00;8.50;0;0;7;1;8;2025
124;Fortaleza;2;1;Juventude;1.53;4.00;6.50;2;0;7;5;12;2024
125;Gremio;1;0;Fluminense;2.37;3.20;3.00;0;0;6;1;7;2024
125;Fortaleza;0;1;Ceara;2.45;3.10;3.10;0;0;3;5;8;2025
126;Internacional;1;0;Vitoria;1.57;3.70;7.00;0;0;2;5;7;2025
126;São Paulo;3;1;Bahia;2.00;3.50;3.60;2;0;4;4;8;2024
127;Juventude;2;0;Sport;2.30;3.25;3.20;1;0;1;8;9;2025
127;Criciuma;1;1;Internacional;3.10;3.10;2.37;0;1;5;5;10;2024
128;Flamengo;2;1;Cruzeiro;1.50;4.33;6.00;1;1;2;5;7;2024
128;Mirasol;2;1;Fluminense;2.70;3.10;2.80;1;0;5;5;10;2025
129;Vitoria;0;1;A. Paranaense;3.00;3.00;2.50;0;0;7;6;13;2024
129;Santos;1;0;Palmeiras;3.10;3.30;2.52;0;0;8;5;13;2025
130;Palmeiras;2;0;Corinthians;1.44;4.00;8.00;0;0;7;3;10;2024
130;Vasco;0;2;Botafogo;3.54;3.20;2.15;0;0;5;3;8;2025
131;A. Mineiro;3;1;Sport;1.65;3.60;5.60;2;0;5;9;14;2025
131;Cuiaba;1;2;Botafogo;2.87;3.40;2.45;1;1;7;5;12;2024
132;Bahia;1;0;Internacional;1.90;3.40;4.00;1;0;6;5;11;2025
132;Criciuma;1;0;Cruzeiro;2.75;3.10;2.75;0;0;7;10;17;2024
133;Vasco;2;0;Fortaleza;2.40;3.30;2.87;1;0;7;3;10;2024
133;Juventude;2;0;Vasco;3.30;3.20;2.25;2;0;1;5;6;2025
134;Palmeiras;1;1;Mirasol;1.41;4.33;8.00;0;0;7;3;10;2025
134;A. Paranaense;1;2;São Paulo;2.25;3.10;3.40;1;1;6;2;8;2024
135;Ceara;0;1;Corinthians;2.40;3.00;3.15;0;0;7;3;10;2025
135;A. Mineiro;2;4;Flamengo;2.87;3.30;2.55;0;2;4;4;8;2024
136;Bragantino;3;1;A. Goianiense;1.80;3.25;4.75;3;1;3;8;11;2024
136;Santos;1;0;Flamengo;4.00;3.40;1.93;0;0;3;8;11;2025
137;Botafogo;0;0;Vitoria;1.47;4.20;7.00;0;0;6;5;11;2025
137;Bahia;2;0;Juventude;1.53;4.20;6.00;0;0;6;7;13;2024
138;Bragantino;2;2;São Paulo;2.30;3.00;3.40;1;1;6;4;10;2025
138;Gremio;2;2;Palmeiras;3.20;3.40;2.25;1;0;7;3;10;2024
139;Corinthians;3;2;Vitoria;1.85;3.25;4.75;2;1;7;6;13;2024
139;Fluminense;0;2;Cruzeiro;2.23;3.15;3.30;0;2;7;2;9;2025
140;Gremio;2;1;Fortaleza;2.15;3.25;3.40;2;1;2;5;7;2025
140;Fluminense;1;1;Internacional;2.80;3.20;2.55;1;1;3;4;7;2024
141;Flamengo;1;1;Cuiaba;1.36;4.75;8.00;0;1;7;0;7;2024
141;Fortaleza;1;1;Bahia;2.63;3.10;2.80;1;0;9;3;12;2025
142;São Paulo;2;0;Bragantino;1.83;3.50;4.20;0;0;6;3;9;2024
142;Vasco;1;1;Gremio;2.05;3.16;3.90;0;0;12;2;14;2025
143;Cruzeiro;3;0;Corinthians;1.66;3.60;5.25;2;0;8;8;16;2024
143;Mirasol;3;0;Santos;2.50;3.05;3.00;0;0;9;2;11;2025
144;Fortaleza;1;0;Fluminense;1.80;3.60;4.33;0;0;12;3;15;2024
144;São Paulo;2;0;Corinthians;2.40;2.80;3.45;2;0;6;5;11;2025
145;Internacional;1;0;Ceara;1.83;3.40;4.60;1;0;7;5;12;2025
145;Juventude;3;0;Gremio;2.35;3.25;3.00;2;0;3;8;11;2024
146;Cruzeiro;4;0;Juventude;1.29;5.25;11.50;1;0;8;3;11;2025
146;Botafogo;3;0;A. Mineiro;2.15;3.30;3.40;1;0;3;2;5;2024
147;Vitoria;1;0;Bragantino;2.63;3.05;2.81;1;0;2;5;7;2025
147;A. Goianiense;1;2;A. Paranaense;2.80;3.20;2.50;0;0;4;11;15;2024
148;Palmeiras;2;0;Bahia;1.50;4.20;6.00;1;0;4;3;7;2024
148;Palmeiras;3;2;A. Mineiro;1.73;3.48;5.15;1;1;9;0;9;2025
149;Vitoria;2;1;Criciuma;2.00;3.25;3.75;2;1;6;3;9;2024
149;Sport;0;1;Botafogo;3.50;3.10;2.20;0;0;6;4;10;2025
150;Internacional;1;2;Vasco;1.55;4.00;6.00;0;0;4;4;8;2024
150;Flamengo;1;0;Fluminense;1.78;3.40;5.00;0;0;8;3;11;2025
151;A. Mineiro;3;3;Fortaleza;1.75;3.40;5.00;2;0;9;6;15;2025
151;Bragantino;2;2;Internacional;2.37;3.00;3.40;1;1;1;9;10;2024
152;A. Paranaense;1;3;Bahia;2.15;3.40;3.30;0;2;9;2;11;2024
152;Gremio;1;1;Botafogo;3.00;3.20;2.35;0;0;7;1;8;2025
153;A. Mineiro;2;1;São Paulo;2.45;3.20;3.00;2;1;2;6;8;2024
153;Vasco;3;1;Bahia;2.60;3.10;2.80;1;1;6;2;8;2025
154;Criciuma;1;1;Fluminense;2.05;3.40;3.70;0;0;2;5;7;2024
154;Ceara;0;2;Mirasol;2.14;3.10;3.75;0;2;14;6;20;2025
155;Flamengo;1;2;Fortaleza;1.60;3.90;6.00;1;1;9;4;13;2024
155;Fluminense;1;2;Palmeiras;2.62;3.15;2.80;1;1;5;3;8;2025
156;Gremio;0;2;Cruzeiro;2.45;3.25;2.90;0;2;1;5;6;2024
156;Corinthians;0;0;Cruzeiro;2.73;3.00;2.80;0;0;4;2;6;2025
157;Palmeiras;3;1;A. Goianiense;1.45;4.33;7.50;1;1;9;2;11;2024
157;Bragantino;1;2;Flamengo;3.20;3.22;2.35;0;0;2;3;5;2025
158;Vasco;2;0;Corinthians;2.05;3.10;4.00;0;0;7;5;12;2024
158;Santos;1;2;Internacional;2.43;3.08;3.14;1;0;8;2;10;2025
159;Vitoria;2;2;Sport;1.93;3.28;4.20;0;0;6;10;16;2025
159;Vitoria;0;1;Botafogo;3.00;3.20;2.45;0;0;4;5;9;2024
160;Cuiaba;0;0;Juventude;2.12;3.40;3.38;0;0;3;3;6;2024
160;Juventude;0;1;São Paulo;3.10;3.20;2.35;0;0;4;8;12;2025
161;Bahia;1;2;Cuiaba;1.57;3.70;6.50;0;1;8;4;12;2024
161;Botafogo;1;1;Corinthians;1.83;3.65;5.97;1;0;6;2;8;2025
162;Fortaleza;3;1;Bragantino;2.50;3.15;2.91;2;1;9;5;14;2025
162;Juventude;1;1;A. Mineiro;3.60;3.10;2.20;1;1;1;8;9;2024
163;Mirasol;1;1;Vitoria;1.75;3.40;5.10;1;1;8;5;13;2025
163;Corinthians;2;1;Criciuma;1.90;3.30;4.20;0;1;5;5;10;2024
164;Sport;2;2;Santos;1.75;3.10;2.91;1;0;4;3;7;2025
164;Cruzeiro;2;1;Bragantino;1.95;3.40;4.00;1;0;1;8;9;2024
165;Palmeiras;1;0;Gremio;1.35;4.80;9.60;1;0;2;3;5;2025
165;Fluminense;1;0;A. Paranaense;2.04;3.20;3.87;0;0;5;3;8;2024
166;Cruzeiro;1;2;Ceara;1.47;4.10;7.50;1;1;10;3;13;2025
166;Internacional;1;1;Flamengo;2.20;3.50;3.15;0;1;5;5;10;2024
167;São Paulo;3;1;Fluminense;2.25;3.24;3.30;1;0;7;3;10;2025
167;A. Goianiense;0;1;Vasco;2.25;3.40;3.20;0;0;4;6;10;2024
168;Bahia;3;0;Juventude;1.43;4.20;8.00;1;0;2;1;3;2025
168;São Paulo;1;0;Gremio;1.61;3.70;5.50;1;0;8;9;17;2024
169;Internacional;1;1;Vasco;1.65;3.70;5.50;0;1;10;5;15;2025
169;Botafogo;1;0;Palmeiras;2.55;3.20;2.75;0;0;5;4;9;2024
170;Flamengo;1;0;A. Mineiro;1.44;4.15;8.00;0;0;5;7;12;2025
170;Fortaleza;3;1;Vitoria;1.61;3.80;5.00;2;0;1;6;7;2024
171;Flamengo;2;1;Criciuma;1.33;4.75;9.00;0;1;7;4;11;2024
171;Sport;0;0;Bahia;3.20;3.10;2.30;0;0;3;6;9;2025
172;Botafogo;1;0;Internacional;1.75;3.40;5.00;1;0;2;1;3;2024
172;Mirasol;3;2;Vasco;1.85;3.20;4.75;0;0;4;4;8;2025
173;Palmeiras;2;0;Cruzeiro;1.57;4.00;5.50;1;0;6;4;10;2024
173;Fluminense;1;0;Gremio;1.83;3.40;4.75;1;0;6;4;10;2025
174;Gremio;2;0;Vitoria;1.85;3.30;4.50;0;0;7;4;11;2024
174;Botafogo;0;2;Cruzeiro;2.15;3.20;3.60;0;2;6;5;11;2025
175;Corinthians;1;1;Fortaleza;1.90;3.25;4.33;0;1;5;3;8;2025
175;A. Mineiro;2;0;Vasco;1.90;3.40;4.00;2;0;6;1;7;2024
176;Bahia;0;1;Corinthians;1.61;3.75;5.50;0;1;6;3;9;2024
176;A. Mineiro;2;1;Bragantino;1.85;3.40;4.33;1;0;9;0;9;2025
177;Fortaleza;3;1;A. Goianiense;1.52;4.01;6.01;1;1;5;6;11;2024
177;Ceara;1;1;Flamengo;4.33;3.30;1.90;0;0;5;7;12;2025
178;Juventude;0;0;São Paulo;3.40;3.25;2.15;0;0;1;4;5;2024
178;Vitoria;2;2;Palmeiras;4.33;3.40;1.90;1;0;6;2;8;2025
179;Bragantino;1;0;A. Paranaense;2.00;3.25;2.15;1;0;2;11;13;2024
179;Internacional;1;2;São Paulo;2.00;3.25;4.00;0;1;4;5;9;2025
180;Santos;3;1;Juventude;1.44;4.50;7.50;2;1;3;8;11;2025
180;Cuiaba;0;1;Fluminense;2.40;3.20;3.00;0;0;6;4;10;2024
181;Flamengo;2;1;Mirasol;1.40;4.50;8.00;1;0;11;10;21;2025
181;A. Paranaense;1;0;A. Mineiro;2.37;3.25;3.00;1;0;4;3;7;2024
182;Bragantino;1;3;Internacional;2.25;3.10;3.40;0;2;8;6;14;2025
182;Criciuma;1;0;Bragantino;2.38;3.30;3.00;1;0;6;8;14;2024
183;São Paulo;2;0;Vitoria;1.50;3.75;7.50;1;0;4;3;7;2025
183;Internacional;2;1;Fortaleza;1.91;3.30;4.20;1;1;8;3;11;2024
184;Vasco;1;0;Cuiaba;1.85;3.40;4.50;0;0;3;2;5;2024
184;Fortaleza;0;5;Botafogo;3.00;3.10;2.40;0;2;2;8;10;2025
185;Bahia;3;3;Fluminense;2.00;3.20;4.00;2;1;8;2;10;2025
185;São Paulo;2;2;Botafogo;2.25;3.40;3.10;1;2;7;1;8;2024
186;Palmeiras;2;1;Ceara;1.40;4.50;8.00;0;0;3;3;6;2025
186;Cruzeiro;2;0;Juventude;1.57;3.95;6.10;1;0;6;5;11;2024
187;Vasco;1;1;A. Mineiro;2.25;3.10;3.40;1;1;6;10;16;2025
187;Vitoria;1;2;Flamengo;4.33;3.50;1.86;0;1;4;8;12;2024
188;Cruzeiro;1;2;Santos;1.50;3.70;7.50;1;0;15;3;18;2025
188;A. Goianiense;1;1;Bahia;2.75;3.32;2.55;0;0;8;4;12;2024
189;Gremio;0;1;Sport;1.90;3.25;4.33;0;0;3;2;5;2025
189;Fluminense;1;0;Palmeiras;3.26;3.30;2.25;0;0;4;2;6;2024
190;Corinthians;2;2;Gremio;2.05;3.40;3.60;1;1;4;5;9;2024
190;Juventude;2;1;Corinthians;2.90;3.10;2.50;1;0;3;2;5;2025
191;A. Mineiro;2;1;Corinthians;1.72;3.50;5.25;1;1;4;4;8;2024
191;Ceara;1;0;Bragantino;2.00;3.10;4.20;1;0;3;4;7;2025
192;Fluminense;2;1;Fortaleza;1.75;3.50;5.00;1;0;2;6;8;2025
192;Bahia;1;1;Internacional;2.10;3.30;3.60;1;0;4;2;6;2024
193;Botafogo;0;3;Cruzeiro;1.86;3.45;4.20;0;2;8;1;9;2024
193;Sport;2;2;São Paulo;2.30;3.00;3.40;1;0;4;10;14;2025
194;Vitoria;2;2;Juventude;1.75;3.50;5.00;1;0;4;6;10;2025
194;Cuiaba;1;2;A. Paranaense;2.60;3.00;3.00;0;1;12;2;14;2024
195;Flamengo;2;0;A. Goianiense;1.30;5.25;11.05;1;0;6;3;9;2024
195;Corinthians;1;2;Bahia;2.62;3.10;2.90;1;2;9;1;10;2025
196;A. Mineiro;1;3;Gremio;1.72;3.60;5.00;1;1;4;4;8;2025
196;Fortaleza;1;0;São Paulo;2.33;3.00;3.35;1;0;3;10;13;2024
197;Santos;0;6;Vasco;1.90;3.52;4.00;0;1;3;3;6;2025
197;Gremio;1;0;Vasco;2.15;3.25;3.60;0;0;8;3;11;2024
198;Juventude;1;2;Criciuma;2.40;3.10;3.40;0;0;5;7;12;2024
198;Internacional;1;3;Flamengo;3.40;3.10;2.30;0;2;10;5;15;2025
199;Palmeiras;0;2;Vitoria;1.33;5.00;8.80;0;0;13;2;15;2024
199;Botafogo;0;1;Palmeiras;2.90;3.00;2.62;0;1;4;3;7;2025
200;Bragantino;0;1;Fluminense;2.25;3.30;3.26;0;1;5;6;11;2024
200;Mirasol;1;1;Cruzeiro;3.10;3.20;2.40;0;1;7;2;9;2025
201;A. Paranaense;0;2;Gremio;1.75;3.60;4.75;0;2;9;0;9;2024
201;Vasco;2;3;Corinthians;2.40;3.25;3.00;0;1;3;5;8;2025
202;Bragantino;4;2;Fluminense;2.30;3.25;3.10;2;1;2;11;13;2025
202;A. Goianiense;1;4;Botafogo;3.50;3.34;2.10;1;1;3;7;10;2024
203;Corinthians;1;1;Juventude;1.67;3.65;5.40;0;1;11;3;14;2024
203;Cruzeiro;2;1;Internacional;1.70;3.75;5.00;1;1;5;1;6;2025
204;Gremio;0;0;Ceara;2.00;3.50;3.60;0;0;4;1;5;2025
204;Criciuma;2;1;A. Mineiro;3.00;3.30;2.35;0;0;5;1;6;2024
205;Bahia;2;0;Santos;1.65;3.90;5.35;1;0;3;0;3;2025
205;Cruzeiro;1;2;Fortaleza;1.99;3.30;3.90;1;2;5;1;6;2024
206;Fluminense;1;0;Bahia;2.05;3.37;3.62;1;0;3;3;6;2024
206;Fortaleza;0;1;Mirasol;2.10;3.20;3.60;0;1;11;3;14;2025
207;Internacional;1;1;Palmeiras;2.55;3.20;2.80;1;0;4;11;15;2024
207;Juventude;1;3;Botafogo;4.75;3.60;1.72;1;1;5;3;8;2025
208;São Paulo;2;0;A. Mineiro;1.95;3.20;4.20;1;0;5;1;6;2025
208;São Paulo;1;0;Flamengo;2.21;3.05;3.60;0;0;8;3;11;2024
209;Palmeiras;3;0;Sport;1.38;4.75;8.00;1;0;6;3;9;2025
209;Vasco;2;2;Bragantino;2.18;3.25;3.40;0;1;4;3;7;2024
210;Flamengo;8;0;Vitoria;1.28;5.25;11.00;4;0;8;1;9;2025
210;Vitoria;1;0;Cuiaba;2.15;3.35;3.34;0;0;4;5;9;2024
211;Ceara;0;1;Juventude;1.61;3.80;5.50;0;0;4;5;9;2025
211;Bahia;2;0;Vitoria;1.65;3.70;5.25;1;0;2;1;3;2024
212;Botafogo;4;1;Bragantino;1.50;4.00;6.50;3;1;6;8;14;2025
212;Cruzeiro;0;0;A. Mineiro;2.20;3.20;3.50;0;0;2;4;6;2024
213;Cruzeiro;1;0;São Paulo;1.80;3.40;4.50;0;0;6;9;15;2025
213;Flamengo;1;1;Palmeiras;1.95;3.50;3.80;0;0;4;2;6;2024
214;Flamengo;1;1;Gremio;1.36;4.50;9.00;0;0;13;0;13;2025
214;Internacional;2;2;A. Paranaense;2.00;3.30;3.60;1;1;9;0;9;2024
215;Santos;0;0;Fluminense;2.40;3.10;3.10;0;0;6;1;7;2025
215;Juventude;3;2;Botafogo;3.30;3.30;2.15;2;0;6;12;18;2024
216;Vasco;2;0;Fluminense;2.40;3.25;2.90;1;0;6;3;9;2024
216;Corinthians;1;1;Palmeiras;2.80;3.10;2.60;1;1;3;10;13;2025
217;Corinthians;1;1;Bragantino;2.00;3.30;3.75;0;1;6;6;12;2024
217;Mirasol;5;1;Bahia;2.60;3.00;2.90;3;0;4;2;6;2025
218;Cuiaba;1;3;Gremio;2.15;3.30;3.40;0;1;5;5;10;2024
218;Vitoria;1;0;A. Mineiro;2.70;3.00;2.80;1;0;2;5;7;2025
219;Internacional;2;1;Fortaleza;1.61;3.75;5.50;1;1;4;5;9;2025
219;Fortaleza;1;0;Criciuma;1.70;3.50;5.50;0;0;4;6;10;2024
220;São Paulo;1;0;A. Goianiense;1.57;4.10;5.50;1;0;3;2;5;2024
220;Sport;2;3;Vasco;2.45;3.00;3.00;1;2;10;5;15;2025
221;A. Paranaense;1;2;Juventude;1.56;3.95;6.01;1;1;10;4;14;2024
221;A. Mineiro;1;1;Santos;1.83;3.50;4.40;0;0;7;3;10;2025
222;A. Mineiro;1;1;Cuiaba;1.61;3.70;5.20;1;1;8;6;14;2024
222;Bahia;1;2;Cruzeiro;2.80;3.05;2.72;1;0;6;5;11;2025
223;Fluminense;0;1;Corinthians;2.16;2.98;3.90;0;0;5;4;9;2025
223;Gremio;0;2;Bahia;2.50;3.20;2.70;0;1;1;5;6;2024
224;Fortaleza;2;0;Vitoria;1.85;3.40;4.55;1;1;4;2;6;2025
224;Bragantino;1;2;Fortaleza;2.15;3.20;3.25;1;1;9;2;11;2024
225;Fluminense;0;0;Corinthians;1.87;3.25;4.20;0;0;6;2;8;2024
225;Gremio;0;1;Mirasol;2.15;3.10;3.75;0;1;6;3;9;2025
226;A. Goianiense;1;0;Internacional;3.30;3.10;2.15;0;0;4;7;11;2024
226;Juventude;0;2;Flamengo;7.50;4.40;1.43;0;1;6;7;13;2025
227;Palmeiras;4;1;Internacional;1.62;3.75;5.50;4;0;7;1;8;2025
227;Criciuma;2;2;Vasco;2.10;3.30;3.30;1;2;9;10;19;2024
228;Bragantino;1;1;Sport;1.67;3.50;5.50;0;0;5;7;12;2025
228;Palmeiras;2;1;São Paulo;1.80;3.30;3.30;0;0;6;1;7;2024
229;São Paulo;1;0;Botafogo;2.30;2.96;3.50;1;0;4;4;8;2025
229;Botafogo;4;1;Flamengo;2.30;3.25;2.95;1;1;5;2;7;2024
230;Vasco;2;2;Ceara;1.91;3.30;4.33;1;1;3;3;6;2025
230;Vitoria;2;2;Cruzeiro;3.25;3.25;2.15;2;0;4;7;11;2024
231;Botafogo;1;0;A. Mineiro;1.66;3.60;5.50;0;0;7;4;11;2025
231;A. Mineiro;0;2;Fluminense;1.95;3.20;4.50;0;1;5;2;7;2024
232;Palmeiras;5;0;Cuiaba;1.44;4.20;8.50;4;0;7;1;8;2024
232;Ceara;1;1;Bahia;2.55;3.10;2.90;1;0;3;6;9;2025
233;Cruzeiro;2;1;Bragantino;1.61;3.75;5.50;1;1;7;4;11;2025
233;A. Goianiense;2;1;Juventude;1.85;3.40;4.50;0;0;4;6;10;2024
234;Flamengo;1;1;Vasco;1.33;5.00;10.00;1;1;3;7;10;2025
234;Criciuma;0;1;Gremio;2.55;3.25;2.87;0;0;6;9;15;2024
235;Internacional;2;3;Gremio;1.75;3.25;5.25;2;2;8;1;9;2025
235;Bahia;0;0;Botafogo;2.35;3.30;3.10;0;0;4;7;11;2024
236;Mirasol;2;0;Juventude;1.60;3.75;5.75;2;0;4;11;15;2025
236;Fortaleza;1;0;Corinthians;1.70;3.50;5.75;0;0;3;9;12;2024
237;Palmeiras;4;1;Fortaleza;1.33;4.50;10.00;1;1;11;2;13;2025
237;Internacional;1;0;Cruzeiro;2.10;3.25;3.75;0;0;12;3;15;2024
238;São Paulo;2;1;Vitoria;1.57;3.80;6.50;2;0;4;3;7;2024
238;Santos;1;0;São Paulo;2.37;3.10;3.10;0;0;4;3;7;2025
239;Flamengo;2;1;Bragantino;1.66;3.70;5.50;1;0;6;10;16;2024
239;Sport;1;0;Corinthians;2.75;3.00;2.75;0;0;8;7;15;2025
240;Vasco;2;1;A. Paranaense;2.15;3.25;3.50;0;1;4;5;9;2024
240;Vitoria;0;1;Fluminense;2.87;3.00;2.70;0;1;10;6;16;2025
241;A. Mineiro;1;0;Mirasol;1.95;3.25;4.00;1;0;4;11;15;2025
241;A. Paranaense;0;2;Palmeiras;2.60;3.40;2.55;0;1;4;4;8;2024
242;Cruzeiro;3;1;A. Goianiense;1.57;4.00;6.50;2;1;8;3;11;2024
242;Bahia;1;0;Palmeiras;2.70;3.20;2.60;0;0;1;4;5;2025
243;Cuiaba;2;1;Criciuma;2.05;3.40;3.40;0;1;5;5;10;2024
243;Corinthians;1;2;Flamengo;4.00;3.40;1.90;0;0;5;3;8;2025
244;Fluminense;2;0;Botafogo;2.40;3.10;3.10;1;0;4;2;6;2025
244;Fluminense;2;0;São Paulo;2.55;2.90;3.10;1;0;5;4;9;2024
245;Fortaleza;1;0;Sport;1.75;3.60;4.75;1;0;8;5;13;2025
245;Gremio;2;3;A. Mineiro;2.25;3.25;3.30;2;0;5;9;14;2024
246;Gremio;3;1;Vitoria;1.72;3.50;5.00;1;0;1;5;6;2025
246;Juventude;1;3;Internacional;3.40;3.30;2.15;0;2;6;4;10;2024
247;Bragantino;2;1;Bahia;2.24;3.40;3.20;0;0;5;10;15;2024
247;Juventude;1;1;Internacional;3.75;3.25;2.05;0;1;7;1;8;2025
248;Bragantino;2;2;Santos;2.10;3.25;3.50;1;0;5;7;12;2025
248;Vitoria;0;1;Vasco;2.31;3.25;3.10;0;0;10;3;13;2024
249;São Paulo;0;1;Ceara;1.60;3.75;5.75;0;0;7;3;10;2025
249;Botafogo;2;0;Fortaleza;1.83;3.55;4.33;0;0;9;6;15;2024
250;Corinthians;2;1;Flamengo;2.55;2.95;3.00;1;1;5;2;7;2024
250;Vasco;2;0;Cruzeiro;2.80;3.20;2.50;1;0;3;9;12;2025
251;A. Mineiro;0;0;Juventude;1.61;3.70;6.00;0;0;5;1;6;2025
251;A. Paranaense;1;1;Fortaleza;2.18;3.20;3.40;1;1;14;4;18;2024
252;Botafogo;2;1;Bahia;1.85;3.40;4.33;1;0;6;4;10;2025
252;A. Goianiense;0;2;Vitoria;2.00;3.35;3.75;0;1;9;5;14;2024
253;Flamengo;0;0;Cruzeiro;1.57;3.90;5.75;0;0;4;2;6;2025
253;Bahia;3;0;A. Mineiro;2.00;3.40;3.75;0;0;6;1;7;2024
254;Botafogo;2;1;Corinthians;1.54;3.95;6.30;1;0;6;3;9;2024
254;Fortaleza;0;2;São Paulo;2.75;3.00;2.70;0;1;8;6;14;2025
255;Cruzeiro;0;1;São Paulo;1.95;3.14;4.35;0;0;7;7;14;2024
255;Internacional;1;1;Corinthians;2.05;3.20;4.00;0;1;3;4;7;2025
256;Flamengo;1;1;Vasco;1.70;3.65;5.00;0;0;5;6;11;2024
256;Mirasol;1;1;Bragantino;1.85;3.30;4.33;0;1;12;5;17;2025
257;Palmeiras;3;0;Vasco;1.36;5.00;9.00;3;0;1;3;4;2025
257;Internacional;3;0;Cuiaba;1.57;3.77;6.30;2;0;2;3;5;2024
258;Santos;1;1;Gremio;1.95;3.40;3.80;0;0;10;0;10;2025
258;Juventude;2;1;Fluminense;2.91;3.14;2.45;0;1;8;5;13;2024
259;Palmeiras;5;0;Criciuma;1.34;4.90;8.60;3;0;4;6;10;2024
259;Sport;2;2;Fluminense;3.10;3.10;2.45;0;0;3;1;4;2025
260;Bragantino;2;2;Gremio;2.07;3.40;3.50;1;1;6;7;13;2024
260;Vitoria;1;0;Ceara;2.40;3.00;3.10;1;0;6;3;9;2025
261;Fluminense;3;0;A. Mineiro;1.80;3.50;4.50;1;0;4;2;6;2025
261;A. Mineiro;3;0;Bragantino;1.90;3.60;3.90;1;0;4;2;6;2024
262;Corinthians;3;0;A. Goianiense;1.48;4.00;7.00;1;0;6;2;8;2024
262;Internacional;2;0;Botafogo;2.62;3.00;2.80;1;0;6;4;10;2025
263;Bragantino;1;0;Gremio;2.25;3.20;3.30;0;0;6;2;8;2025
263;Criciuma;0;0;A. Paranaense;2.35;3.30;3.00;0;0;12;1;13;2024
264;Corinthians;3;0;Mirasol;2.15;3.10;3.60;1;0;2;6;8;2025
264;Cuiaba;0;0;Cruzeiro;2.70;3.10;2.75;0;0;4;5;9;2024
265;São Paulo;2;3;Palmeiras;2.87;3.10;2.50;2;0;4;7;11;2025
265;Fluminense;0;1;Botafogo;3.00;3.20;2.40;0;0;5;4;9;2024
266;Vasco;4;3;Vitoria;1.72;3.50;5.00;1;2;5;0;5;2025
266;Fortaleza;4;1;Bahia;2.15;3.50;3.10;2;1;2;1;3;2024
267;Gremio;3;2;Flamengo;1.86;3.50;4.15;1;1;4;6;10;2024
267;Bahia;1;0;Flamengo;4.50;3.40;1.80;1;0;3;1;4;2025
268;São Paulo;1;3;Internacional;2.35;3.00;3.25;1;1;2;4;6;2024
268;Juventude;1;2;Fortaleza;2.70;3.10;2.70;1;0;8;1;9;2025
269;Ceara;3;0;Santos;2.20;3.20;3.40;1;0;2;7;9;2025
269;Vasco;0;1;Palmeiras;3.90;3.60;1.90;0;1;5;5;10;2024
270;Cruzeiro;1;1;Sport;1.33;4.75;9.50;0;1;10;3;13;2025
270;Vitoria;1;0;Juventude;1.95;3.25;4.00;1;0;4;5;9;2024
271;Palmeiras;5;1;Bragantino;1.39;4.50;8.00;1;1;8;3;11;2025
271;A. Goianiense;1;0;Fluminense;2.70;3.25;2.60;0;0;4;3;7;2024
272;Bahia;1;0;Criciuma;1.66;3.80;5.00;1;0;9;1;10;2024
272;Botafogo;0;3;Flamengo;3.90;3.25;2.00;0;1;3;2;5;2025
273;Botafogo;0;0;Gremio;1.72;3.80;4.50;0;0;5;3;8;2024
273;Mirasol;3;1;Internacional;2.15;3.25;3.45;2;1;9;2;11;2025
274;Cruzeiro;1;1;Vasco;2.00;3.40;3.60;0;1;11;4;15;2024
274;Sport;1;1;Ceara;2.35;3.10;3.30;0;0;5;4;9;2025
275;Flamengo;1;0;A. Paranaense;1.72;3.80;4.50;0;0;6;1;7;2024
275;A. Mineiro;1;1;Cruzeiro;3.40;3.00;2.30;0;0;2;1;3;2025
276;Fortaleza;1;0;Cuiaba;1.66;3.80;5.00;1;0;7;3;10;2024
276;Fortaleza;0;2;Vasco;2.32;3.20;3.24;0;1;10;2;12;2025
277;Internacional;3;1;Vitoria;1.66;3.80;5.00;1;0;2;6;8;2024
277;Santos;3;1;Corinthians;2.20;3.10;3.54;2;0;5;4;9;2025
278;Juventude;1;1;Bragantino;2.50;3.40;2.70;0;0;4;5;9;2024
278;Gremio;2;0;São Paulo;3.00;3.00;2.55;1;0;5;3;8;2025
279;Fluminense;1;0;Juventude;1.36;5.00;8.50;0;0;8;2;10;2025
279;Palmeiras;2;1;A. Mineiro;1.61;3.80;5.50;1;0;7;3;10;2024
280;São Paulo;3;1;Corinthians;1.80;3.50;4.50;1;0;7;2;9;2024
280;Vitoria;2;1;Bahia;2.80;2.87;2.80;1;1;4;3;7;2025
281;Corinthians;1;0;A. Mineiro;1.90;3.00;4.75;0;0;5;3;8;2025
281;A. Paranaense;0;1;Botafogo;2.87;3.50;2.37;0;1;8;3;11;2024
282;A. Mineiro;2;2;Vitoria;1.55;3.80;6.50;2;0;2;5;7;2024
282;Cruzeiro;1;0;Fortaleza;1.55;4.50;5.50;1;0;3;6;9;2025
283;Flamengo;3;2;Palmeiras;1.90;3.50;4.00;3;1;1;8;9;2025
283;Bahia;0;2;Flamengo;2.30;3.30;3.10;0;1;3;7;10;2024
284;Corinthians;2;2;Internacional;2.40;3.25;3.00;1;1;9;9;18;2024
284;Ceara;0;2;Botafogo;2.62;3.00;3.00;0;1;8;5;13;2025
285;Internacional;2;0;Sport;1.75;3.70;4.75;1;0;3;6;9;2025
285;Criciuma;2;0;A. Goianiense;1.90;3.10;4.50;1;0;7;6;13;2024
286;Mirasol;3;0;São Paulo;2.25;3.10;3.40;2;0;3;7;10;2025
286;Cuiaba;2;0;São Paulo;3.00;3.10;2.45;2;0;3;7;10;2024
287;Bahia;4;0;Gremio;1.72;3.80;4.75;2;0;4;2;6;2025
287;Fluminense;1;0;Cruzeiro;2.25;3.00;3.50;0;0;2;2;4;2024
288;Gremio;3;1;Fortaleza;2.00;3.50;3.75;1;1;8;3;11;2024
288;Juventude;1;0;Bragantino;2.75;3.30;2.50;1;0;4;2;6;2025
289;Vasco;2;0;Fluminense;2.87;3.10;2.50;1;0;1;4;5;2025
289;Bragantino;0;0;Palmeiras;3.80;3.70;1.95;0;0;1;3;4;2024
290;Santos;0;1;Vitoria;1.60;4.00;5.25;0;1;3;3;6;2025
290;Vasco;1;1;Juventude;1.72;3.60;5.00;1;1;3;6;9;2024
291;A. Mineiro;1;0;Ceara;1.80;3.50;4.50;1;0;3;7;10;2025
291;A. Goianiense;0;0;Cuiaba;2.05;3.20;3.75;0;0;8;4;12;2024
292;Botafogo;1;1;Criciuma;1.35;5.00;8.50;0;0;9;1;10;2024
292;Vitoria;0;1;Corinthians;2.75;3.10;2.60;0;0;5;6;11;2025
293;Corinthians;5;2;A. Paranaense;1.62;3.90;5.35;2;2;3;8;11;2024
293;Fluminense;1;0;Internacional;1.90;3.25;4.33;0;0;6;3;9;2025
294;Cruzeiro;1;1;Bahia;2.05;3.30;3.75;0;0;5;7;12;2024
294;Sport;1;2;Mirasol;2.80;3.20;2.50;1;1;7;1;8;2025
295;Flamengo;0;2;Fluminense;1.72;3.30;5.50;0;0;5;1;6;2024
295;Fortaleza;1;0;Flamengo;5.00;3.60;1.70;1;0;5;11;16;2025
296;Fortaleza;1;1;A. Mineiro;1.82;3.42;4.50;1;0;7;3;10;2024
296;São Paulo;2;0;Bahia;2.00;3.25;3.80;2;0;5;4;9;2025
297;Internacional;1;0;Gremio;1.81;3.50;4.55;0;0;3;6;9;2024
297;Botafogo;2;2;Santos;1.91;3.40;4.20;2;1;6;6;12;2025
298;Gremio;3;1;Juventude;1.53;3.80;6.50;1;0;4;3;7;2025
298;Juventude;3;5;Palmeiras;5.15;3.75;1.65;1;2;7;5;12;2024
299;São Paulo;3;0;Vasco;1.72;3.50;5.00;1;0;3;5;8;2024
299;Bragantino;0;3;Vasco;2.25;3.50;2.90;0;1;4;3;7;2025
300;Palmeiras;0;0;Cruzeiro;1.66;3.75;5.00;0;0;4;8;12;2025
300;Vitoria;1;0;Bragantino;2.20;3.20;3.44;0;0;5;5;10;2024
301;Cruzeiro;3;1;Vitoria;1.44;4.20;7.50;3;1;5;3;8;2025
301;A. Paranaense;3;0;Cruzeiro;2.06;3.30;3.75;1;0;7;1;8;2024
302;Santos;1;1;Fortaleza;1.68;3.80;5.19;0;1;7;4;11;2025
302;A. Mineiro;1;3;Internacional;3.38;3.00;2.31;1;2;3;3;6;2024
303;Mirasol;0;0;Botafogo;2.35;3.33;3.06;0;0;7;2;9;2025
303;Criciuma;1;1;São Paulo;2.90;3.10;2.52;1;0;6;7;13;2024
304;Flamengo;3;0;Sport;1.17;6.75;17.00;0;0;9;8;17;2025
304;Cuiaba;0;1;Corinthians;3.40;3.10;2.30;0;1;5;2;7;2024
305;Flamengo;4;2;Juventude;1.36;4.75;9.00;1;1;8;1;9;2024
305;Corinthians;2;0;Gremio;1.70;3.60;5.19;1;0;5;8;13;2025
306;Gremio;3;1;A. Goianiense;1.58;3.98;5.89;1;1;4;3;7;2024
306;Ceara;2;0;Fluminense;2.70;3.04;2.79;2;0;4;5;9;2025
307;Palmeiras;2;2;Fortaleza;1.50;4.20;6.70;1;1;3;3;6;2024
307;Internacional;0;0;A. Mineiro;2.05;3.22;3.70;0;0;7;1;8;2025
308;Vasco;0;2;São Paulo;2.35;3.03;3.39;0;1;6;5;11;2025
308;Bragantino;0;1;Botafogo;3.60;3.40;2.05;0;0;3;6;9;2024
309;Vasco;3;2;Bahia;2.70;3.30;2.50;3;1;2;4;6;2024
309;Juventude;0;2;Palmeiras;6.50;4.15;1.48;0;1;4;1;5;2025
310;Bahia;2;1;Bragantino;1.70;3.70;4.80;0;1;4;3;7;2025
310;Vitoria;2;1;Fluminense;2.65;2.85;3.00;1;0;7;5;12;2024
311;Bragantino;0;0;Cuiaba;1.72;3.30;5.75;0;0;11;5;16;2024
311;Bragantino;2;1;Corinthians;2.54;3.25;2.81;1;0;6;1;7;2025
312;A. Paranaense;1;2;Vitoria;1.80;3.25;5.25;1;1;9;3;12;2024
312;Ceara;1;1;Fortaleza;2.30;3.10;3.40;0;1;5;4;9;2025
313;Juventude;0;3;Fortaleza;2.60;3.20;2.80;0;2;5;3;8;2024
313;Gremio;0;1;Cruzeiro;3.19;3.24;2.31;0;1;5;6;11;2025
314;Fluminense;1;0;Mirasol;1.86;3.40;4.38;1;0;4;3;7;2025
314;Fluminense;2;2;Gremio;2.15;3.15;3.60;1;1;8;2;10;2024
315;Corinthians;2;0;Palmeiras;3.25;3.25;2.20;1;0;2;9;11;2024
315;São Paulo;2;2;Flamengo;4.00;3.20;2.00;1;1;3;5;8;2025
316;Palmeiras;2;0;Santos;1.36;4.75;8.40;0;0;13;5;18;2025
316;Bahia;0;3;São Paulo;2.20;3.25;3.30;0;1;5;4;9;2024
317;Botafogo;3;0;Vasco;1.45;4.20;7.00;2;0;7;4;11;2024
317;Sport;0;2;Juventude;1.73;3.63;4.85;0;1;4;5;9;2025
318;Internacional;2;0;Criciuma;1.40;4.50;8.00;1;0;7;3;10;2024
318;A. Mineiro;3;0;Bahia;2.20;3.22;3.35;0;0;13;3;16;2025
319;Botafogo;3;0;Vasco;1.90;3.40;4.20;1;0;8;3;11;2025
319;A. Goianiense;1;0;A. Mineiro;2.60;3.00;3.00;0;0;4;7;11;2024
320;Cruzeiro;0;1;Flamengo;2.05;3.50;3.50;0;0;7;4;11;2024
320;Vitoria;1;0;Internacional;2.50;3.15;2.88;0;0;4;4;8;2025
321;Internacional;2;0;Fluminense;1.61;3.70;6.00;0;0;4;4;8;2024
321;Corinthians;0;1;Ceara;1.65;3.60;5.92;0;1;9;4;13;2025
322;Palmeiras;1;0;Gremio;1.53;4.00;6.00;0;0;5;5;10;2024
322;Cruzeiro;0;0;Fluminense;1.91;3.25;4.47;0;0;5;1;6;2025
323;Botafogo;0;0;Cuiaba;1.33;4.75;11.07;0;0;6;3;9;2024
323;Vitoria;0;0;Botafogo;3.10;3.20;2.38;0;0;6;7;13;2025
324;Flamengo;3;2;Santos;1.30;4.90;10.25;1;0;10;3;13;2025
324;Vitoria;1;2;Corinthians;2.62;3.20;2.70;1;1;6;4;10;2024
325;Fortaleza;2;2;Gremio;2.04;3.40;3.70;1;2;7;5;12;2025
325;A. Goianiense;0;0;Bragantino;2.25;3.40;3.10;0;0;6;5;11;2024
326;Cruzeiro;2;1;Criciuma;1.60;3.75;6.00;1;0;6;5;11;2024
326;Mirasol;2;1;Palmeiras;3.60;3.30;2.08;2;1;8;8;16;2025
327;Fortaleza;3;0;Vasco;1.90;3.50;4.00;1;0;5;1;6;2024
327;Sport;2;4;A. Mineiro;3.70;3.26;2.10;1;0;4;4;8;2025
328;Internacional;2;2;Bahia;2.30;3.20;3.20;1;0;6;5;11;2025
328;Juventude;2;1;Bahia;2.80;3.30;2.50;0;1;7;2;9;2024
329;Vasco;1;3;Juventude;1.50;4.25;6.30;1;2;7;1;8;2025
329;São Paulo;2;1;A. Paranaense;1.70;3.50;5.25;0;0;5;6;11;2024
330;São Paulo;0;1;Bragantino;1.74;3.50;5.10;0;1;7;1;8;2025
330;Flamengo;0;0;A. Mineiro;1.75;3.50;4.75;0;0;7;4;11;2024
331;Corinthians;2;1;Cruzeiro;1.53;3.40;7.50;2;1;3;4;7;2024
331;A. Mineiro;0;3;Palmeiras;3.45;3.25;2.30;0;2;10;6;16;2025
332;Botafogo;3;2;Sport;1.23;6.90;15.00;1;2;7;5;12;2025
332;Fluminense;2;2;Fortaleza;2.10;3.30;3.50;1;2;8;3;11;2024
333;A. Paranaense;2;0;A. Goianiense;1.57;3.50;6.50;1;0;6;9;15;2024
333;Bragantino;4;0;Vitoria;2.28;3.25;2.91;2;0;5;0;5;2025
334;Criciuma;0;1;Vitoria;2.15;3.25;3.30;0;0;6;5;11;2024
334;Fluminense;2;1;Flamengo;4.30;3.15;2.30;2;0;3;5;8;2025
335;Gremio;2;0;Vasco;1.90;3.85;4.15;0;0;5;3;8;2025
335;Bragantino;1;1;São Paulo;2.50;3.25;2.75;1;1;1;1;2;2024
336;Santos;1;1;Mirasol;1.85;3.60;4.50;1;0;5;7;12;2025
336;Cuiaba;1;2;Flamengo;3.30;3.40;2.10;0;0;5;5;10;2024
337;Gremio;2;2;Juventude;1.60;3.75;5.75;1;1;5;4;9;2024
337;Juventude;3;3;Cruzeiro;4.05;3.30;2.10;2;1;3;9;12;2025
338;Bahia;2;3;Fortaleza;1.60;4.45;6.00;0;2;10;2;12;2025
338;Bahia;1;2;Palmeiras;3.00;3.30;2.30;1;1;4;2;6;2024
339;Corinthians;3;1;São Paulo;2.52;3.05;3.70;2;0;5;0;5;2025
339;A. Mineiro;0;0;Botafogo;2.80;3.30;2.40;0;0;1;11;12;2024
340;Ceara;1;2;Internacional;2.20;3.35;3.70;0;0;3;5;8;2025
340;Vasco;0;1;Internacional;3.10;3.00;2.37;0;0;8;3;11;2024
341;Flamengo;3;0;Bragantino;1.34;5.40;11.0;0;0;4;6;10;2025
341;A. Goianiense;0;1;Palmeiras;11.50;5.20;1.30;0;1;4;2;6;2024
342;Botafogo;1;1;Vitoria;1.36;4.75;8.50;0;1;10;0;10;2024
342;Palmeiras;0;0;Fluminense;1.60;3.95;7.00;0;0;7;6;13;2025
343;Juventude;1;1;Cuiaba;1.60;3.75;6.25;0;0;6;5;11;2024
343;Bahia;1;0;Vasco;1.72;3.95;5.50;0;0;11;1;12;2025
344;São Paulo;2;1;Juventude;1.67;3.80;6.20;1;0;3;8;11;2025
344;São Paulo;2;2;A. Mineiro;1.94;3.15;4.50;2;2;7;1;8;2024
345;Cruzeiro;1;1;Gremio;2.00;3.30;3.90;1;1;5;1;6;2024
345;Sport;1;3;Vitoria;3.45;3.40;2.20;1;2;8;2;10;2025
346;Fluminense;0;0;Criciuma;1.65;3.60;6.25;0;0;9;4;13;2024
346;Cruzeiro;3;0;Corinthians;1.75;3.80;5.35;1;0;9;3;12;2025
347;Mirasol;3;0;Ceara;1.80;3.80;6.50;2;0;6;12;18;2025
347;Fortaleza;0;0;Flamengo;3.25;3.10;2.37;0;0;5;5;10;2024
348;Bahia;1;1;A. Paranaense;1.73;3.90;4.50;0;0;11;1;12;2024
348;Internacional;1;1;Santos;2.22;3.40;3.70;1;0;5;0;5;2025
349;Corinthians;3;1;Vasco;1.53;4.20;6.00;3;0;7;6;13;2024
349;Fortaleza;1;0;A. Mineiro;2.28;3.30;3.35;1;0;9;2;11;2025
350;Internacional;4;1;Bragantino;1.50;4.15;6.50;2;1;8;4;12;2024
350;Botafogo;3;2;Gremio;1.75;3.75;5.45;2;0;7;1;8;2025
351;Gremio;3;2;Palmeiras;2.37;3.30;3.25;1;1;5;3;8;2025
351;Criciuma;2;4;Corinthians;3.40;3.25;2.20;2;0;3;7;10;2024
352;Bragantino;0;1;Fortaleza;1.85;3.75;4.40;0;0;8;3;11;2025
352;Cuiaba;1;2;Bahia;4.33;3.40;1.90;1;1;3;4;7;2024
353;Fluminense;6;0;São Paulo;1.60;4.00;7.30;3;0;3;4;7;2025
353;Vasco;2;2;A. Goianiense;1.66;3.60;5.50;0;1;5;3;8;2024
354;A. Mineiro;2;3;Juventude;2.75;3.00;2.80;0;1;9;5;14;2024
354;Juventude;1;1;Bahia;3.70;3.40;2.20;1;1;7;5;12;2025
355;Palmeiras;1;3;Botafogo;2.05;3.20;3.90;0;1;5;7;12;2024
355;Vasco;5;1;Internacional;2.47;3.40;3.10;2;1;3;4;7;2025
356;Santos;3;0;Sport;1.34;5.80;9.00;2;0;9;3;12;2025
356;Flamengo;3;2;Internacional;2.15;3.20;3.50;3;0;6;4;10;2024
357;Gremio;2;1;São Paulo;2.40;3.08;3.22;2;0;10;6;16;2024
357;Vitoria;2;0;Mirasol;2.60;3.11;2.90;1;0;3;9;12;2025
358;A. Paranaense;1;1;Fluminense;2.10;3.10;3.90;1;0;3;8;11;2024
358;Ceara;1;1;Cruzeiro;3.05;2.95;2.60;0;0;5;8;13;2025
359;Bragantino;1;1;Cruzeiro;2.40;3.10;3.10;1;0;6;10;16;2024
359;Corinthians;2;2;Botafogo;2.50;3.19;3.00;1;0;7;4;11;2025
360;Vitoria;2;0;Fortaleza;2.55;3.20;2.90;2;0;7;8;15;2024
360;A. Mineiro;1;1;Flamengo;4.45;3.60;1.91;1;0;2;4;6;2025
361;Palmeiras;0;0;Vitoria;1.30;5.00;10.00;0;0;6;3;9;2025
361;A. Paranaense;1;2;Bragantino;2.15;3.25;3.40;0;1;6;5;11;2024
362;Bahia;2;0;Sport;1.24;7.10;15.00;1;0;6;2;8;2025
362;A. Goianiense;3;1;Fortaleza;3.10;3.20;2.37;1;1;5;3;8;2024
363;Corinthians;3;0;Bahia;1.61;4.00;5.25;2;0;7;4;11;2024
363;Cruzeiro;2;2;Botafogo;2.22;3.10;3.55;1;0;1;7;8;2025
364;Flamengo;1;0;Ceara;1.25;6.00;15.00;1;0;4;3;7;2025
364;Criciuma;0;3;Flamengo;3.40;3.30;2.15;0;1;7;3;10;2024
365;Fortaleza;2;1;Corinthians;1.91;3.45;4.90;1;0;0;7;7;2025
365;Cruzeiro;1;2;Palmeiras;4.00;3.40;1.95;0;0;7;6;13;2024
366;Fluminense;1;0;Cuiaba;1.36;4.50;8.50;0;0;10;3;13;2024
366;Gremio;1;2;Fluminense;2.95;3.10;2.80;0;1;10;0;10;2025
367;Internacional;0;1;Botafogo;2.75;3.20;2.62;0;1;10;1;11;2024
367;Juventude;0;3;Santos;5.60;3.90;1.70;0;0;5;3;8;2025
368;São Paulo;1;2;Juventude;1.83;3.50;4.33;0;0;12;2;14;2024
368;São Paulo;3;0;Internacional;2.70;3.20;3.00;2;0;4;9;13;2025
369;Vasco;0;2;Mirasol;2.17;3.40;3.60;0;0;10;1;11;2025
369;Vasco;2;0;A. Mineiro;2.50;3.25;2.90;0;0;3;6;9;2024
370;Vitoria;1;1;Gremio;2.30;3.10;3.40;0;1;7;1;8;2024
370;Bragantino;2;0;A. Mineiro;2.30;3.30;3.45;0;0;3;7;10;2025
371;A. Mineiro;5;0;Vasco;1.80;3.85;4.75;2;0;6;1;7;2025
371;A. Mineiro;1;0;A. Paranaense;2.10;3.10;3.90;0;0;5;4;9;2024
372;Bahia;2;0;A. Goianiense;1.38;5.00;8.00;1;0;4;5;9;2024
372;Botafogo;4;2;Fortaleza;1.91;3.65;4.70;1;1;2;2;4;2025
373;Botafogo;2;1;São Paulo;1.33;4.75;11.06;1;0;3;0;3;2024
373;Ceara;1;3;Palmeiras;2.20;3.30;3.90;1;1;7;7;14;2025
374;Corinthians;1;1;Juventude;1.80;3.60;5.50;1;0;4;7;11;2025
374;Cuiaba;1;2;Vasco;3.40;3.20;2.25;1;2;2;5;7;2024
375;Flamengo;2;2;Vitoria;1.38;4.75;8.50;0;1;6;4;10;2024
375;Fluminense;2;0;Bahia;1.83;3.75;4.90;0;0;5;4;9;2025
376;Internacional;3;1;Bragantino;1.70;4.00;5.50;0;0;2;4;6;2025
376;Fortaleza;3;0;Internacional;2.50;3.30;2.90;2;0;4;3;7;2024
377;Mirasol;3;3;Flamengo;1.40;5.30;9.50;2;2;2;3;5;2025
377;Gremio;0;3;Corinthians;2.62;3.30;2.70;0;1;6;7;13;2024
378;Bragantino;5;1;Criciuma;1.30;5.25;9.00;2;1;6;8;14;2024
378;Santos;3;0;Cruzeiro;1.42;4.70;9.75;2;0;9;3;12;2025
379;Juventude;0;1;Cruzeiro;2.37;3.20;3.10;0;1;8;1;9;2024
379;Sport;0;4;Gremio;4.70;3.90;1.80;0;3;1;5;6;2025
380;Palmeiras;0;1;Fluminense;1.50;4.10;7.00;0;1;11;2;13;2024
380;Vitoria;1;0;São Paulo;2.62;3.20;3.15;0;0;10;1;11;2025
1;A. Mineiro;2;2;Palmeiras;3.10;3.50;2.47;2;1;5;7;12;2026
2;Internacional;0;1;A. Paranaense;2.05;3.50;4.70;0;1;13;1;14;2026
3;Coritiba;0;1;Bragantino;2.62;3.10;3.10;0;0;1;5;6;2026
4;Vitoria;2;0;Remo;1.85;3.55;4.90;0;0;4;1;5;2026
5;Fluminense;2;1;Gremio;1.70;4.00;5.90;0;0;3;6;9;2026
6;Mirasol;2;1;Vasco;1.90;3.25;4.33;1;1;5;5;10;2026
7;Chapecoense;4;2;Santos;2.85;3.20;2.70;1;1;1;14;15;2026
8;São Paulo;2;1;Flamengo;4.00;3.20;2.25;0;0;2;6;8;2026
9;Corinthians;1;2;Bahia;2.30;3.40;3.55;1;2;4;6;10;2026
10;Botafogo;4;0;Cruzeiro;2.62;2.75;2.70;0;0;3;7;10;2026
11;Flamengo;1;1;Internacional;1.40;4.50;8.00;0;1;4;3;7;2026
12;Bragantino;1;0;A. Mineiro;2.10;3.25;3.70;1;0;6;12;18;2026
13;Santos;1;1;São Paulo;2.15;3.25;3.40;2;0;7;4;11;2026
14;Remo;2;2;Mirasol;2.80;3.10;2.70;2;0;4;4;8;2026
15;Palmeiras;5;1;Vitoria;1.36;5.00;8.50;3;0;6;4;10;2026
16;Gremio;5;3;Botafogo;2.30;3.10;3.40;1;2;4;2;6;2026
17;Bahia;1;1;Fluminense;2.20;3.30;3.40;0;1;6;4;10;2026
18;Vasco;1;1;Chapecoense;1.61;3.70;5.75;0;0;14;0;14;2026
19;Cruzeiro;1;2;Coritiba;1.42;4.33;8.50;1;1;12;2;14;2026
20;;;;;;;;;;;;;2026
21;;;;;;;;;;;;;2026
22;;;;;;;;;;;;;2026
23;;;;;;;;;;;;;2026
24;;;;;;;;;;;;;2026
25;;;;;;;;;;;;;2026
26;;;;;;;;;;;;;2026
27;;;;;;;;;;;;;2026
28;;;;;;;;;;;;;2026
29;;;;;;;;;;;;;2026
30;;;;;;;;;;;;;2026
31;;;;;;;;;;;;;2026
32;;;;;;;;;;;;;2026
33;;;;;;;;;;;;;2026
34;;;;;;;;;;;;;2026
35;;;;;;;;;;;;;2026
36;;;;;;;;;;;;;2026
37;;;;;;;;;;;;;2026
38;;;;;;;;;;;;;2026
39;;;;;;;;;;;;;2026
40;;;;;;;;;;;;;2026
41;;;;;;;;;;;;;2026
42;;;;;;;;;;;;;2026
43;;;;;;;;;;;;;2026
44;;;;;;;;;;;;;2026
45;;;;;;;;;;;;;2026
46;;;;;;;;;;;;;2026
47;;;;;;;;;;;;;2026
48;;;;;;;;;;;;;2026
49;;;;;;;;;;;;;2026
50;;;;;;;;;;;;;2026
51;;;;;;;;;;;;;2026
52;;;;;;;;;;;;;2026
53;;;;;;;;;;;;;2026
54;;;;;;;;;;;;;2026
55;;;;;;;;;;;;;2026
56;;;;;;;;;;;;;2026
57;;;;;;;;;;;;;2026
58;;;;;;;;;;;;;2026
59;;;;;;;;;;;;;2026
60;;;;;;;;;;;;;2026
61;;;;;;;;;;;;;2026
62;;;;;;;;;;;;;2026
63;;;;;;;;;;;;;2026
64;;;;;;;;;;;;;2026
65;;;;;;;;;;;;;2026
66;;;;;;;;;;;;;2026
67;;;;;;;;;;;;;2026
68;;;;;;;;;;;;;2026
69;;;;;;;;;;;;;2026
70;;;;;;;;;;;;;2026
71;;;;;;;;;;;;;2026
72;;;;;;;;;;;;;2026
73;;;;;;;;;;;;;2026
74;;;;;;;;;;;;;2026
75;;;;;;;;;;;;;2026
76;;;;;;;;;;;;;2026
77;;;;;;;;;;;;;2026
78;;;;;;;;;;;;;2026
79;;;;;;;;;;;;;2026
80;;;;;;;;;;;;;2026
81;;;;;;;;;;;;;2026
82;;;;;;;;;;;;;2026
83;;;;;;;;;;;;;2026
84;;;;;;;;;;;;;2026
85;;;;;;;;;;;;;2026
86;;;;;;;;;;;;;2026
87;;;;;;;;;;;;;2026
88;;;;;;;;;;;;;2026
89;;;;;;;;;;;;;2026
90;;;;;;;;;;;;;2026
91;;;;;;;;;;;;;2026
92;;;;;;;;;;;;;2026
93;;;;;;;;;;;;;2026
94;;;;;;;;;;;;;2026
95;;;;;;;;;;;;;2026
96;;;;;;;;;;;;;2026
97;;;;;;;;;;;;;2026
98;;;;;;;;;;;;;2026
99;;;;;;;;;;;;;2026
100;;;;;;;;;;;;;2026
101;;;;;;;;;;;;;2026
102;;;;;;;;;;;;;2026
103;;;;;;;;;;;;;2026
104;;;;;;;;;;;;;2026
105;;;;;;;;;;;;;2026
106;;;;;;;;;;;;;2026
107;;;;;;;;;;;;;2026
108;;;;;;;;;;;;;2026
109;;;;;;;;;;;;;2026
110;;;;;;;;;;;;;2026
111;;;;;;;;;;;;;2026
112;;;;;;;;;;;;;2026
113;;;;;;;;;;;;;2026
114;;;;;;;;;;;;;2026
115;;;;;;;;;;;;;2026
116;;;;;;;;;;;;;2026
117;;;;;;;;;;;;;2026
118;;;;;;;;;;;;;2026
119;;;;;;;;;;;;;2026
120;;;;;;;;;;;;;2026
121;;;;;;;;;;;;;2026
122;;;;;;;;;;;;;2026
123;;;;;;;;;;;;;2026
124;;;;;;;;;;;;;2026
125;;;;;;;;;;;;;2026
126;;;;;;;;;;;;;2026
127;;;;;;;;;;;;;2026
128;;;;;;;;;;;;;2026
129;;;;;;;;;;;;;2026
130;;;;;;;;;;;;;2026
131;;;;;;;;;;;;;2026
132;;;;;;;;;;;;;2026
133;;;;;;;;;;;;;2026
134;;;;;;;;;;;;;2026
135;;;;;;;;;;;;;2026
136;;;;;;;;;;;;;2026
137;;;;;;;;;;;;;2026
138;;;;;;;;;;;;;2026
139;;;;;;;;;;;;;2026
140;;;;;;;;;;;;;2026
141;;;;;;;;;;;;;2026
142;;;;;;;;;;;;;2026
143;;;;;;;;;;;;;2026
144;;;;;;;;;;;;;2026
145;;;;;;;;;;;;;2026
146;;;;;;;;;;;;;2026
147;;;;;;;;;;;;;2026
148;;;;;;;;;;;;;2026
149;;;;;;;;;;;;;2026
150;;;;;;;;;;;;;2026
151;;;;;;;;;;;;;2026
152;;;;;;;;;;;;;2026
153;;;;;;;;;;;;;2026
154;;;;;;;;;;;;;2026
155;;;;;;;;;;;;;2026
156;;;;;;;;;;;;;2026
157;;;;;;;;;;;;;2026
158;;;;;;;;;;;;;2026
159;;;;;;;;;;;;;2026
160;;;;;;;;;;;;;2026
161;;;;;;;;;;;;;2026
162;;;;;;;;;;;;;2026
163;;;;;;;;;;;;;2026
164;;;;;;;;;;;;;2026
165;;;;;;;;;;;;;2026
166;;;;;;;;;;;;;2026
167;;;;;;;;;;;;;2026
168;;;;;;;;;;;;;2026
169;;;;;;;;;;;;;2026
170;;;;;;;;;;;;;2026
171;;;;;;;;;;;;;2026
172;;;;;;;;;;;;;2026
173;;;;;;;;;;;;;2026
174;;;;;;;;;;;;;2026
175;;;;;;;;;;;;;2026
176;;;;;;;;;;;;;2026
177;;;;;;;;;;;;;2026
178;;;;;;;;;;;;;2026
179;;;;;;;;;;;;;2026
180;;;;;;;;;;;;;2026
181;;;;;;;;;;;;;2026
182;;;;;;;;;;;;;2026
183;;;;;;;;;;;;;2026
184;;;;;;;;;;;;;2026
185;;;;;;;;;;;;;2026
186;;;;;;;;;;;;;2026
187;;;;;;;;;;;;;2026
188;;;;;;;;;;;;;2026
189;;;;;;;;;;;;;2026
190;;;;;;;;;;;;;2026
191;;;;;;;;;;;;;2026
192;;;;;;;;;;;;;2026
193;;;;;;;;;;;;;2026
194;;;;;;;;;;;;;2026
195;;;;;;;;;;;;;2026
196;;;;;;;;;;;;;2026
197;;;;;;;;;;;;;2026
198;;;;;;;;;;;;;2026
199;;;;;;;;;;;;;2026
200;;;;;;;;;;;;;2026
201;;;;;;;;;;;;;2026
202;;;;;;;;;;;;;2026
203;;;;;;;;;;;;;2026
204;;;;;;;;;;;;;2026
205;;;;;;;;;;;;;2026
206;;;;;;;;;;;;;2026
207;;;;;;;;;;;;;2026
208;;;;;;;;;;;;;2026
209;;;;;;;;;;;;;2026
210;;;;;;;;;;;;;2026
211;;;;;;;;;;;;;2026
212;;;;;;;;;;;;;2026
213;;;;;;;;;;;;;2026
214;;;;;;;;;;;;;2026
215;;;;;;;;;;;;;2026
216;;;;;;;;;;;;;2026
217;;;;;;;;;;;;;2026
218;;;;;;;;;;;;;2026
219;;;;;;;;;;;;;2026
220;;;;;;;;;;;;;2026
221;;;;;;;;;;;;;2026
222;;;;;;;;;;;;;2026
223;;;;;;;;;;;;;2026
224;;;;;;;;;;;;;2026
225;;;;;;;;;;;;;2026
226;;;;;;;;;;;;;2026
227;;;;;;;;;;;;;2026
228;;;;;;;;;;;;;2026
229;;;;;;;;;;;;;2026
230;;;;;;;;;;;;;2026
231;;;;;;;;;;;;;2026
232;;;;;;;;;;;;;2026
233;;;;;;;;;;;;;2026
234;;;;;;;;;;;;;2026
235;;;;;;;;;;;;;2026
236;;;;;;;;;;;;;2026
237;;;;;;;;;;;;;2026
238;;;;;;;;;;;;;2026
239;;;;;;;;;;;;;2026
240;;;;;;;;;;;;;2026
241;;;;;;;;;;;;;2026
242;;;;;;;;;;;;;2026
243;;;;;;;;;;;;;2026
244;;;;;;;;;;;;;2026
245;;;;;;;;;;;;;2026
246;;;;;;;;;;;;;2026
247;;;;;;;;;;;;;2026
248;;;;;;;;;;;;;2026
249;;;;;;;;;;;;;2026
250;;;;;;;;;;;;;2026
251;;;;;;;;;;;;;2026
252;;;;;;;;;;;;;2026
253;;;;;;;;;;;;;2026
254;;;;;;;;;;;;;2026
255;;;;;;;;;;;;;2026
256;;;;;;;;;;;;;2026
257;;;;;;;;;;;;;2026
258;;;;;;;;;;;;;2026
259;;;;;;;;;;;;;2026
260;;;;;;;;;;;;;2026
261;;;;;;;;;;;;;2026
262;;;;;;;;;;;;;2026
263;;;;;;;;;;;;;2026
264;;;;;;;;;;;;;2026
265;;;;;;;;;;;;;2026
266;;;;;;;;;;;;;2026
267;;;;;;;;;;;;;2026
268;;;;;;;;;;;;;2026
269;;;;;;;;;;;;;2026
270;;;;;;;;;;;;;2026
271;;;;;;;;;;;;;2026
272;;;;;;;;;;;;;2026
273;;;;;;;;;;;;;2026
274;;;;;;;;;;;;;2026
275;;;;;;;;;;;;;2026
276;;;;;;;;;;;;;2026
277;;;;;;;;;;;;;2026
278;;;;;;;;;;;;;2026
279;;;;;;;;;;;;;2026
280;;;;;;;;;;;;;2026
281;;;;;;;;;;;;;2026
282;;;;;;;;;;;;;2026
283;;;;;;;;;;;;;2026
284;;;;;;;;;;;;;2026
285;;;;;;;;;;;;;2026
286;;;;;;;;;;;;;2026
287;;;;;;;;;;;;;2026
288;;;;;;;;;;;;;2026
289;;;;;;;;;;;;;2026
290;;;;;;;;;;;;;2026
291;;;;;;;;;;;;;2026
292;;;;;;;;;;;;;2026
293;;;;;;;;;;;;;2026
294;;;;;;;;;;;;;2026
295;;;;;;;;;;;;;2026
296;;;;;;;;;;;;;2026
297;;;;;;;;;;;;;2026
298;;;;;;;;;;;;;2026
299;;;;;;;;;;;;;2026
300;;;;;;;;;;;;;2026
301;;;;;;;;;;;;;2026
302;;;;;;;;;;;;;2026
303;;;;;;;;;;;;;2026
304;;;;;;;;;;;;;2026
305;;;;;;;;;;;;;2026
306;;;;;;;;;;;;;2026
307;;;;;;;;;;;;;2026
308;;;;;;;;;;;;;2026
309;;;;;;;;;;;;;2026
310;;;;;;;;;;;;;2026
311;;;;;;;;;;;;;2026
312;;;;;;;;;;;;;2026
313;;;;;;;;;;;;;2026
314;;;;;;;;;;;;;2026
315;;;;;;;;;;;;;2026
316;;;;;;;;;;;;;2026
317;;;;;;;;;;;;;2026
318;;;;;;;;;;;;;2026
319;;;;;;;;;;;;;2026
320;;;;;;;;;;;;;2026
321;;;;;;;;;;;;;2026
322;;;;;;;;;;;;;2026
323;;;;;;;;;;;;;2026
324;;;;;;;;;;;;;2026
325;;;;;;;;;;;;;2026
326;;;;;;;;;;;;;2026
327;;;;;;;;;;;;;2026
328;;;;;;;;;;;;;2026
329;;;;;;;;;;;;;2026
330;;;;;;;;;;;;;2026
331;;;;;;;;;;;;;2026
332;;;;;;;;;;;;;2026
333;;;;;;;;;;;;;2026
334;;;;;;;;;;;;;2026
335;;;;;;;;;;;;;2026
336;;;;;;;;;;;;;2026
337;;;;;;;;;;;;;2026
338;;;;;;;;;;;;;2026
339;;;;;;;;;;;;;2026
340;;;;;;;;;;;;;2026
341;;;;;;;;;;;;;2026
342;;;;;;;;;;;;;2026
343;;;;;;;;;;;;;2026
344;;;;;;;;;;;;;2026
345;;;;;;;;;;;;;2026
346;;;;;;;;;;;;;2026
347;;;;;;;;;;;;;2026
348;;;;;;;;;;;;;2026
349;;;;;;;;;;;;;2026
350;;;;;;;;;;;;;2026
351;;;;;;;;;;;;;2026
352;;;;;;;;;;;;;2026
353;;;;;;;;;;;;;2026
354;;;;;;;;;;;;;2026
355;;;;;;;;;;;;;2026
356;;;;;;;;;;;;;2026
357;;;;;;;;;;;;;2026
358;;;;;;;;;;;;;2026
359;;;;;;;;;;;;;2026
360;;;;;;;;;;;;;2026
361;;;;;;;;;;;;;2026
362;;;;;;;;;;;;;2026
363;;;;;;;;;;;;;2026
364;;;;;;;;;;;;;2026
365;;;;;;;;;;;;;2026
366;;;;;;;;;;;;;2026
367;;;;;;;;;;;;;2026
368;;;;;;;;;;;;;2026
369;;;;;;;;;;;;;2026
370;;;;;;;;;;;;;2026
371;;;;;;;;;;;;;2026
372;;;;;;;;;;;;;2026
373;;;;;;;;;;;;;2026
374;;;;;;;;;;;;;2026
375;;;;;;;;;;;;;2026
376;;;;;;;;;;;;;2026
377;;;;;;;;;;;;;2026
378;;;;;;;;;;;;;2026
379;;;;;;;;;;;;;2026
380;;;;;;;;;;;;;2026


